availability,price,ratin,title
In stock,£51.77,star-rating Three,A Light in the ...
In stock,£53.74,star-rating One,Tipping the Velvet
In stock,£50.10,star-rating One,Soumission
In stock,£47.82,star-rating Four,Sharp Objects
In stock,£54.23,star-rating Five,Sapiens: A Brief History ...
In stock,£22.65,star-rating One,The Requiem Red
In stock,£33.34,star-rating Four,The Dirty Little Secrets ...
In stock,£17.93,star-rating Three,The Coming Woman: A ...
In stock,£22.60,star-rating Four,The Boys in the ...
In stock,£52.15,star-rating One,The Black Maria
In stock,£13.99,star-rating Two,Starving Hearts (Triangular Trade ...
In stock,£20.66,star-rating Four,Shakespeare's Sonnets
In stock,£17.46,star-rating Five,Set Me Free
In stock,£52.29,star-rating Five,Scott Pilgrim's Precious Little ...
In stock,£35.02,star-rating Five,Rip it Up and ...
In stock,£57.25,star-rating Three,Our Band Could Be ...
In stock,£23.88,star-rating One,Olio
In stock,£37.59,star-rating One,Mesaerion: The Best Science ...
In stock,£51.33,star-rating Two,Libertarianism for Beginners
In stock,£45.17,star-rating Two,It's Only the Himalayas
